event_id,year,longitude,latitude,depth,magnitude,mb,ms,strike1,dip1,rake1,distance_to_boundary,boundary_type,plate1,plate2,segment_id,relative_velocity,movement_direction,convergence_rate,transform_rate,extension_rate,boundary_motion_type,grid_cell,is_near_boundary,fault_type,fault_type_code
B010677C,1977,28.7,-2.51,21.0,5.3,5.3,0.0,0.0,151.0,180.0,0.2644606777953954,:CRB,SO,AF,213,0.23847666719237637,100.3876662261795,0.07154300015771291,0.11923833359618818,0.047695333438475276,transform,208_87,1,strike-slip,0
B070877B,1977,39.63,10.94,38.0,5.0,5.0,0.0,10.0,265.0,171.0,1.4068049230792414,:CRB,SO,AF,213,0.2975313013654288,93.84079378804066,0.08925939040962864,0.1487656506827144,0.05950626027308577,transform,219_100,0,strike-slip,0
B121577A,1977,34.91,-4.76,33.0,5.6,4.8,5.6,16.0,42.0,182.0,4.20463867693765,:CRB,SO,AF,213,0.19436434048473927,105.42546534073026,0.05830930214542178,0.09718217024236964,0.03887286809694786,transform,214_85,0,strike-slip,0
C122877A,1977,40.28,16.66,33.0,6.6,5.9,6.6,10.0,62.0,327.0,0.12837231009840155,:CRB,AR,AF,210,0.9314832909776989,77.22276049341933,0.27944498729330963,0.46574164548884944,0.18629665819553978,transform,220_106,1,normal,2
B010878A,1978,34.27,-12.09,33.0,5.1,5.1,0.0,0.0,248.0,180.0,0.33131835143861293,:CRB,SO,AF,213,0.13614008655178722,111.44264244694828,0.04084202596553616,0.06807004327589361,0.027228017310357445,transform,214_77,1,strike-slip,0
B011778B,1978,40.26,16.52,10.0,5.2,5.2,5.0,0.0,237.0,147.0,0.23338928852884502,:CRB,AR,AF,210,0.9363133160259487,77.3345710818292,0.2808939948077846,0.46815665801297435,0.18726266320518975,transform,220_106,1,reverse,1
B110778A,1978,42.59,11.54,33.0,5.4,5.3,5.4,16.0,22.0,286.0,0.3580177230249881,:OSR,SO,AR,208,0.8812450631250881,84.73180068622234,0.2643735189375264,0.44062253156254405,0.17624901262501763,transform,222_101,1,normal,2
B110878B,1978,42.57,11.56,62.0,4.9,4.9,0.0,1.0,16.0,106.0,0.35892713745271176,:OSR,SO,AR,208,0.879880762661184,84.70494518588174,0.2639642287983552,0.439940381330592,0.1759761525322368,transform,222_101,1,reverse,1
B122178C,1978,43.09,11.51,33.0,5.4,5.2,5.4,1.0,21.0,111.0,0.37825479507866566,:OSR,SO,AR,208,0.8946982902917284,84.98913278948893,0.2684094870875185,0.4473491451458642,0.1789396580583457,transform,223_101,1,reverse,1
B110679B,1979,41.17,-12.6,10.0,4.9,4.9,0.0,17.0,260.0,138.0,6.611338522568636,:CRB,SO,AF,213,0.10294789135197568,115.2990393671742,0.030884367405592705,0.05147394567598784,0.020589578270395138,transform,221_77,0,reverse,1
B010980B,1980,27.44,-3.45,10.0,5.0,5.0,4.6,8.0,349.0,248.0,1.503893273507131,:CRB,SO,AF,213,0.23660556703604296,100.56528343008243,0.07098167011081288,0.11830278351802148,0.0473211134072086,transform,207_86,0,normal,2
B011480B,1980,40.27,16.52,10.0,5.7,5.3,5.7,3.0,250.0,341.0,0.23735745195801516,:CRB,AR,AF,210,0.9365395291951408,77.33934164225909,0.28096185875854224,0.4682697645975704,0.18730790583902818,transform,220_106,1,strike-slip,0
B011480D,1980,40.23,16.45,10.0,5.3,5.3,5.1,0.0,256.0,166.0,0.15724681236832785,:CRB,AR,AF,210,0.938276473911686,77.38093974237961,0.2814829421735058,0.469138236955843,0.18765529478233722,transform,220_106,1,strike-slip,0
B050380A,1980,43.13,10.01,10.0,5.3,5.3,5.2,7.0,174.0,291.0,1.8081959766573985,:OSR,SO,AR,208,0.9612874409313408,86.32958815888594,0.28838623227940224,0.4806437204656704,0.19225748818626817,transform,223_100,0,normal,2
B053080A,1980,43.1,10.0,10.0,5.2,5.2,4.4,26.0,322.0,175.0,1.8135464399898895,:OSR,SO,AR,208,0.9610076582969151,86.32452596805837,0.28830229748907454,0.4805038291484576,0.19220153165938303,transform,223_100,0,strike-slip,0
B073081B,1981,28.46,-2.71,33.0,5.0,5.0,4.0,0.0,145.0,180.0,0.574309542058983,:CRB,SO,AF,213,0.2379488619550285,100.4400386864865,0.07138465858650855,0.11897443097751426,0.0475897723910057,transform,208_87,1,strike-slip,0
B042982B,1982,41.38,-10.64,10.0,5.2,5.2,0.0,0.0,266.0,180.0,6.682139295914149,:CRB,SO,AF,213,0.11918961387358795,113.69883681754038,0.03575688416207638,0.059594806936793976,0.023837922774717593,transform,221_79,0,strike-slip,0
B070382C,1982,28.95,-3.74,10.0,5.2,5.2,0.0,5.0,269.0,172.0,0.22230891592556482,:CRB,SO,AF,213,0.22774939994687138,101.5762751358132,0.06832481998406141,0.11387469997343569,0.04554987998937428,transform,208_86,1,strike-slip,0
B121382B,1982,44.29,14.75,10.0,6.0,5.9,6.0,8.0,48.0,249.0,2.7464763552595888,:OSR,SO,AR,208,0.7826815632693709,82.68629779537308,0.23480446898081125,0.39134078163468544,0.1565363126538742,transform,224_104,0,normal,2
B122982C,1982,44.46,14.65,5.0,5.3,5.3,5.0,3.0,225.0,120.0,2.6379344893306196,:OSR,SO,AR,208,0.7911959003124558,82.8517690268315,0.23735877009373674,0.3955979501562279,0.15823918006249116,transform,224_104,0,reverse,1
B070783B,1983,27.86,-7.25,10.0,5.7,5.7,5.5,6.0,124.0,12.0,2.085956938218044,:CRB,SO,AF,213,0.20470824040056446,104.05003239785793,0.061412472120169335,0.10235412020028223,0.04094164808011289,transform,207_82,0,strike-slip,0
B092883B,1983,43.1,11.52,5.0,5.1,5.1,4.6,20.0,191.0,96.0,0.37755885633898534,:OSR,SO,AR,208,0.894502764088398,84.98493663680533,0.26835082922651937,0.447251382044199,0.1789005528176796,transform,223_101,1,reverse,1
B093083A,1983,43.26,11.81,10.0,5.4,5.4,5.4,8.0,13.0,279.0,0.4189686026422517,:OSR,SO,AR,208,0.8856911444241424,84.80322593436688,0.2657073433272427,0.4428455722120712,0.1771382288848285,transform,223_101,1,normal,2
B101983A,1983,43.44,11.8,10.0,5.3,5.3,4.8,1.0,185.0,94.0,0.2985490579452601,:OSR,SO,AR,208,0.8904863525310294,84.89493868120996,0.2671459057593088,0.4452431762655147,0.17809727050620588,transform,223_101,1,reverse,1
B120283D,1983,38.6,7.03,10.0,5.1,5.1,4.3,5.0,259.0,132.0,0.4346687848235715,:CRB,SO,AF,213,0.2728755902707931,96.8376678973319,0.08186267708123793,0.13643779513539656,0.05457511805415863,transform,218_97,1,reverse,1
B011184C,1984,27.72,-6.11,10.0,5.5,5.5,5.3,5.0,330.0,236.0,1.8796327162773052,:CRB,SO,AF,213,0.21442092981996286,102.99878702710026,0.06432627894598886,0.10721046490998143,0.04288418596399257,transform,207_83,0,normal,2
B082584A,1984,32.59,-8.62,10.0,5.4,5.4,4.8,7.0,59.0,310.0,0.09094457707856898,:CRB,SO,AF,213,0.17245823147762174,107.61521682263754,0.05173746944328652,0.08622911573881087,0.03449164629552435,transform,212_81,1,normal,2
B051485A,1985,41.37,-10.59,10.0,6.0,6.0,5.5,4.0,74.0,180.0,6.675245880864613,:CRB,SO,AF,213,0.1196610230792432,113.65047442795512,0.03589830692377296,0.0598305115396216,0.02393220461584864,transform,221_79,0,strike-slip,0
C051485B,1985,41.43,-10.49,10.0,6.4,6.4,6.1,11.0,79.0,255.0,6.742350893419891,:CRB,SO,AF,213,0.12030171365999198,113.59240570857943,0.03609051409799759,0.06015085682999599,0.024060342731998398,transform,221_79,0,normal,2
B053085A,1985,41.38,-10.63,10.0,5.5,5.5,4.9,8.0,67.0,295.0,6.682726507197496,:CRB,SO,AF,213,0.11927634616550353,113.6901317700717,0.035782903849651056,0.059638173082751766,0.023855269233100707,transform,221_79,0,normal,2
B060485A,1985,43.48,12.13,10.0,4.9,4.9,0.0,9.0,19.0,118.0,0.2061299104933639,:OSR,SO,AR,208,0.8770366963854368,84.62259911909803,0.26311100891563105,0.4385183481927184,0.17540733927708738,transform,223_102,1,reverse,1
B062885A,1985,41.21,-10.62,10.0,5.5,5.4,5.5,1.0,257.0,147.0,6.513653012711072,:CRB,SO,AF,213,0.12000689280188581,113.59917913848827,0.03600206784056574,0.060003446400942906,0.024001378560377165,transform,221_79,0,reverse,1
B062885C,1985,29.01,-2.31,10.0,4.9,4.9,0.0,0.0,121.0,180.0,0.142370818990412,:CRB,SO,AF,213,0.23870866072430807,100.37014702012226,0.07161259821729242,0.11935433036215404,0.04774173214486162,transform,209_87,1,strike-slip,0
B082085A,1985,36.04,5.53,10.0,5.4,5.4,4.8,20.0,136.0,265.0,0.5023889951023992,:CRB,SO,AF,213,0.27085163039023286,96.96413502497225,0.08125548911706985,0.13542581519511643,0.054170326078046574,transform,216_95,1,normal,2
B031486A,1986,27.73,-10.73,10.0,5.2,5.2,4.8,13.0,129.0,343.0,4.26325292129144,:CRB,SO,AF,213,0.17732004168175397,106.96661343766897,0.05319601250452619,0.08866002084087699,0.03546400833635079,transform,207_79,0,strike-slip,0
B062986G,1986,29.59,-5.2,14.0,5.5,5.0,5.5,31.0,273.0,130.0,0.05204875118578746,:CRB,SO,AF,213,0.21337729294194485,103.1587515355463,0.06401318788258345,0.10668864647097243,0.042675458588388976,transform,209_84,1,reverse,1
B100787C,1987,35.88,6.35,10.0,5.2,5.2,0.0,25.0,118.0,288.0,1.1052819520828154,:CRB,SO,AF,213,0.27752213662391156,96.16707019728082,0.08325664098717346,0.13876106831195578,0.055504427324782314,transform,215_96,0,normal,2
B102587A,1987,36.73,5.41,10.0,6.2,5.5,6.2,12.0,115.0,232.0,0.14819676953294103,:CRB,SO,AF,213,0.2674409496065051,97.39550039853559,0.08023228488195153,0.13372047480325255,0.05348818992130103,transform,216_95,1,normal,2
B102887A,1987,36.69,5.72,10.0,5.6,5.3,5.6,0.0,113.0,205.0,0.2524109397391481,:CRB,SO,AF,213,0.2699045382498566,97.10358085897124,0.08097136147495698,0.1349522691249283,0.05398090764997132,transform,216_95,1,strike-slip,0
B041688B,1988,27.66,-10.35,10.0,5.3,5.3,4.7,21.0,302.0,156.0,4.030348157529321,:CRB,SO,AF,213,0.18071793790799973,106.60602723597032,0.054215381372399916,0.09035896895399986,0.03614358758159995,transform,207_79,0,strike-slip,0
B121088C,1988,41.08,16.33,10.0,5.2,5.2,4.9,0.0,206.0,296.0,0.9087720066111195,:CRB,AR,AF,210,0.9619632624693653,77.89012216905755,0.2885889787408096,0.4809816312346826,0.19239265249387305,transform,221_106,1,normal,2
B030989A,1989,34.32,-13.76,33.0,5.8,5.8,5.5,24.0,59.0,266.0,0.17189124468686445,:CRB,SO,AF,213,0.12185470090916883,112.89830725931705,0.036556410272750646,0.06092735045458442,0.024370940181833767,transform,214_76,1,normal,2
C031089D,1989,34.34,-13.78,33.0,6.2,6.2,6.1,28.0,61.0,250.0,0.1441200888148453,:CRB,SO,AF,213,0.12159594991884592,112.92548112023152,0.03647878497565377,0.06079797495942296,0.024319189983769186,transform,214_76,1,normal,2
B041389C,1989,39.83,13.37,33.0,4.9,4.9,0.0,8.0,64.0,185.0,0.3066232215602739,:CRB,AR,AF,210,1.045540982495317,79.86396815248887,0.3136622947485951,0.5227704912476585,0.20910819649906343,transform,219_103,1,strike-slip,0
B060889A,1989,37.85,6.8,10.0,5.0,5.0,0.0,0.0,110.0,180.0,0.32285261730393316,:CRB,SO,AF,213,0.2737916394983717,96.69346102604769,0.08213749184951151,0.13689581974918585,0.054758327899674344,transform,217_96,1,strike-slip,0
C082089B,1989,41.94,11.75,10.0,6.3,5.8,6.3,0.0,211.0,180.0,0.19633155630209004,:CRB,SO,AF,213,0.29574437455547997,94.1481321599575,0.08872331236664399,0.14787218727773999,0.059148874911095994,transform,221_101,1,strike-slip,0
B082089C,1989,41.9,11.86,10.0,5.7,5.3,5.7,9.0,211.0,84.0,0.31259891234615733,:CRB,SO,AF,213,0.29663272713326716,94.0322879286086,0.08898981813998015,0.14831636356663358,0.059326545426653436,transform,221_101,1,reverse,1
B082089E,1989,41.81,11.79,10.0,5.4,5.4,0.0,0.0,204.0,180.0,0.3083862513148068,:CRB,SO,AF,213,0.2964296461461968,94.05518851692213,0.08892889384385905,0.1482148230730984,0.059285929229239365,transform,221_101,1,strike-slip,0
C082089F,1989,41.82,11.9,10.0,6.1,6.1,5.6,11.0,197.0,23.0,0.3359534045072331,:CRB,AR,AF,210,1.143749120700929,82.09730146003254,0.34312473621027867,0.5718745603504645,0.2287498241401858,transform,221_101,1,strike-slip,0
C082189A,1989,41.84,11.87,10.0,6.3,6.3,6.2,1.0,199.0,103.0,0.3507963511782852,:CRB,SO,AF,213,0.2968900873361653,93.99695808128712,0.08906702620084958,0.14844504366808264,0.05937801746723306,transform,221_101,1,reverse,1
B082189B,1989,41.75,11.95,10.0,5.8,5.8,5.7,5.0,190.0,310.0,0.259581759759812,:CRB,AR,AF,210,1.1403917630352565,82.02022545457464,0.34211752891057695,0.5701958815176282,0.2280783526070513,transform,221_101,1,normal,2
B082189C,1989,41.71,11.92,10.0,5.2,5.2,0.0,0.0,206.0,180.0,0.2758961580015213,:CRB,AR,AF,210,1.1406468543401953,82.02725073706668,0.34219405630205857,0.5703234271700977,0.22812937086803908,transform,221_101,1,strike-slip,0
B082189D,1989,41.73,11.84,10.0,5.0,5.0,0.0,14.0,197.0,352.0,0.35834437347333914,:CRB,AR,AF,210,1.1440454586226076,82.10657471795393,0.3432136375867823,0.5720227293113038,0.22880909172452155,transform,221_101,1,strike-slip,0
B090589G,1989,34.46,-11.8,10.0,5.0,5.0,0.0,46.0,33.0,295.0,0.08512467327396982,:CRB,SO,AF,213,0.13773877330148476,111.28900004425537,0.041321631990445425,0.06886938665074238,0.027547754660296953,transform,214_78,1,normal,2
B031390G,1990,39.9,-4.08,18.0,5.5,5.5,5.2,3.0,255.0,157.0,7.8721637434443625,:CRB,SO,AF,213,0.1805471699281096,107.25031068583293,0.05416415097843288,0.0902735849640548,0.03610943398562192,transform,219_85,0,strike-slip,0
B040590B,1990,35.95,-2.94,10.0,5.2,5.2,0.0,0.0,262.0,180.0,6.275282368435704,:CRB,SO,AF,213,0.20501813038036065,104.34819398803849,0.06150543911410819,0.10250906519018033,0.041003626076072136,transform,215_87,0,strike-slip,0
B051590B,1990,35.85,-2.96,10.0,5.5,5.5,4.7,16.0,253.0,100.0,6.219219115258764,:CRB,SO,AF,213,0.20525102430702447,104.3169799732091,0.061575307292107334,0.10262551215351223,0.0410502048614049,transform,215_87,0,reverse,1
B051590C,1990,36.0,-3.01,10.0,5.4,5.4,5.2,11.0,0.0,253.0,6.230081893811669,:CRB,SO,AF,213,0.20425242840381674,104.43364849782884,0.06127572852114502,0.10212621420190837,0.040850485680763354,transform,216_86,0,normal,2
C052090A,1990,32.11,5.04,7.0,7.2,6.6,7.2,19.0,182.0,87.0,0.361860667799084,:CRB,SO,AF,213,0.2820367064894942,95.51020069791522,0.08461101194684825,0.1410183532447471,0.056407341297898844,transform,212_95,1,reverse,1
B052490A,1990,31.86,5.29,10.0,6.8,6.1,6.8,6.0,156.0,31.0,0.2205859082081168,:CRB,SO,AF,213,0.284845892508498,95.17058534171068,0.0854537677525494,0.142422946254249,0.05696917850169961,transform,211_95,1,reverse,1
C052490B,1990,31.91,5.34,10.0,7.0,6.6,7.0,9.0,171.0,63.0,0.28924236014111027,:CRB,SO,AF,213,0.2850195877273931,95.15119152308138,0.08550587631821793,0.14250979386369655,0.05700391754547862,transform,211_95,1,reverse,1
C070990B,1990,31.66,5.36,10.0,6.4,6.0,6.4,14.0,336.0,229.0,0.2786042765285564,:CRB,SO,AF,213,0.28613515955399205,95.01236168453752,0.08584054786619762,0.14306757977699602,0.057227031910798414,transform,211_95,1,normal,2
B072890C,1990,32.65,5.21,10.0,5.4,5.4,5.0,0.0,187.0,180.0,0.42868293049758877,:CRB,SO,AF,213,0.2812080108741508,95.62314711444344,0.08436240326224524,0.1406040054370754,0.056241602174830166,transform,212_95,1,strike-slip,0
B090490A,1990,28.99,-0.35,33.0,5.0,5.0,5.0,13.0,92.0,184.0,0.6968296747591922,:CRB,SO,AF,213,0.2539731816925892,98.66305875441503,0.07619195450777676,0.1269865908462946,0.05079463633851784,transform,208_89,1,strike-slip,0
B090790A,1990,31.64,5.44,10.0,5.2,5.2,5.2,15.0,352.0,243.0,0.3607840668599437,:CRB,SO,AF,213,0.2867991514767647,94.93281966762802,0.0860397454430294,0.14339957573838236,0.057359830295352944,transform,211_95,1,normal,2
B022291A,1991,35.8,-3.97,10.0,5.2,5.2,4.4,1.0,102.0,5.0,5.272108231400412,:CRB,SO,AF,213,0.19722626699849766,105.17377565268711,0.05916788009954929,0.09861313349924883,0.03944525339969954,transform,215_86,0,strike-slip,0
B032991A,1991,32.56,5.16,10.0,5.5,5.5,4.9,33.0,8.0,167.0,0.5017629469181634,:CRB,SO,AF,213,0.28118502483973007,95.62333470981561,0.08435550745191901,0.14059251241986503,0.056237004967946015,transform,212_95,1,strike-slip,0
B100991D,1991,31.31,1.87,10.0,5.7,5.7,5.4,1.0,137.0,228.0,0.20837229878273078,:CRB,SO,AF,213,0.26141998068898875,97.88403914085228,0.07842599420669662,0.13070999034449438,0.05228399613779775,transform,211_91,1,normal,2
C030592C,1992,42.81,11.51,15.0,6.2,5.5,6.2,13.0,187.0,279.0,0.2867136027467126,:OSR,SO,AR,208,0.8879087789894156,84.85987844593657,0.2663726336968247,0.4439543894947078,0.17758175579788313,transform,222_101,1,normal,2
C091192B,1992,26.68,-6.09,10.0,6.7,6.7,6.5,14.0,135.0,18.0,2.91961359568351,:CRB,SO,AF,213,0.2192588245425302,102.45396506665246,0.06577764736275905,0.1096294122712651,0.04385176490850604,transform,206_83,0,strike-slip,0
B092392F,1992,26.65,-6.15,10.0,5.6,5.6,5.0,1.0,289.0,21.0,2.9500424315761973,:CRB,SO,AF,213,0.21892067109884383,102.49030095582057,0.06567620132965314,0.10946033554942192,0.04378413421976877,transform,206_83,0,strike-slip,0
B021393C,1993,39.26,8.3,10.0,4.9,4.9,4.8,18.0,313.0,45.0,0.10359053479927281,:CRB,SO,AF,213,0.2799291252130196,96.01594384885007,0.08397873756390588,0.1399645626065098,0.05598582504260392,transform,219_98,1,reverse,1
B031293B,1993,38.66,19.59,10.0,5.0,5.0,4.8,14.0,53.0,217.0,0.21885031414188,:CRB,AF,AR,209,0.7831820692004863,73.91759648700429,0.23495462076014587,0.39159103460024314,0.15663641384009727,transform,218_109,1,normal,2
B031293G,1993,38.68,19.76,10.0,4.9,4.7,4.9,0.0,231.0,180.0,0.32028540397589184,:CRB,AF,AR,209,0.777192344840274,73.78065085647896,0.2331577034520822,0.388596172420137,0.1554384689680548,transform,218_109,1,strike-slip,0
B031393F,1993,38.85,19.67,10.0,5.7,5.7,5.1,5.0,50.0,194.0,0.22377993654481246,:CRB,AF,AR,209,0.784589621394824,73.93924465363628,0.2353768864184472,0.392294810697412,0.1569179242789648,transform,218_109,1,strike-slip,0
B031493B,1993,38.74,19.65,10.0,4.9,4.8,4.9,0.0,211.0,180.0,0.220044222828044,:CRB,AF,AR,209,0.7827748518630271,73.90404122010774,0.2348324555589081,0.39138742593151354,0.15655497037260543,transform,218_109,1,strike-slip,0
B031693A,1993,38.8,19.5,10.0,5.3,5.3,4.8,9.0,53.0,290.0,0.05862985587565275,:CRB,AF,AR,209,0.7898740083135669,74.06193377290049,0.23696220249407007,0.39493700415678346,0.15797480166271338,transform,218_109,1,normal,2
B031693C,1993,41.88,11.66,10.0,5.6,5.6,5.2,9.0,208.0,344.0,0.17414384858501192,:CRB,SO,AF,213,0.29530706596874445,94.20210340199745,0.08859211979062333,0.14765353298437223,0.05906141319374889,transform,221_101,1,strike-slip,0
B032293F,1993,38.81,19.52,10.0,4.8,4.8,4.7,0.0,225.0,180.0,0.07426614302627768,:CRB,AF,AR,209,0.7893482864678649,74.04946185359984,0.23680448594035947,0.39467414323393246,0.157869657293573,transform,218_109,1,strike-slip,0
B032393A,1993,38.9,19.61,10.0,5.1,5.1,5.0,0.0,223.0,180.0,0.17851459324099972,:CRB,AF,AR,209,0.7880360499184116,74.01478844271381,0.23641081497552346,0.3940180249592058,0.15760720998368233,transform,218_109,1,strike-slip,0
B050693E,1993,40.17,14.46,10.0,5.0,5.0,4.7,0.0,247.0,180.0,0.19095876518243346,:CRB,AR,AF,210,1.011987859058209,79.07941842377932,0.3035963577174627,0.5059939295291045,0.2023975718116418,transform,220_104,1,strike-slip,0
B080193A,1993,31.67,15.4,10.0,5.2,5.2,5.2,9.0,38.0,133.0,8.009325005891565,:CRB,AR,AF,210,0.7844012935522953,74.16398063279775,0.23532038806568856,0.39220064677614763,0.15688025871045908,transform,211_105,0,reverse,1
B092193H,1993,39.65,11.5,15.0,5.4,5.4,4.9,23.0,255.0,139.0,1.3943387142297974,:CRB,AR,AF,210,1.1119228703646344,81.40498853583009,0.33357686110939033,0.5559614351823172,0.2223845740729269,transform,219_101,0,reverse,1
C020594B,1994,30.14,0.58,10.0,6.1,5.8,6.1,23.0,88.0,235.0,0.1990355460112581,:CRB,SO,AF,213,0.25632752330258857,98.4282914559035,0.07689825699077657,0.12816376165129428,0.05126550466051771,transform,210_90,1,normal,2
B041194B,1994,42.81,11.83,15.0,5.7,5.5,5.7,7.0,183.0,274.0,0.04695412654921471,:OSR,SO,AR,208,0.8738846551921471,84.57808077182311,0.2621653965576441,0.43694232759607354,0.17477693103842942,transform,222_101,1,normal,2
B042494B,1994,43.09,11.6,10.0,5.2,5.2,4.7,13.0,14.0,148.0,0.31603273564617224,:OSR,SO,AR,208,0.8907591487073665,84.9098493645212,0.26722774461220994,0.44537957435368325,0.1781518297414733,transform,223_101,1,reverse,1
C081894A,1994,31.79,-7.34,29.0,6.0,6.0,5.8,22.0,239.0,78.0,0.48070708336782375,:CRB,SO,AF,213,0.18646569120035572,106.11031563285212,0.055939707360106714,0.09323284560017786,0.03729313824007115,transform,211_82,1,reverse,1
B121195E,1995,26.63,-6.16,0.0,5.1,5.1,0.0,25.0,74.0,210.0,2.97022829898646,:CRB,SO,AF,213,0.2189320869998168,102.48873485419767,0.06567962609994504,0.1094660434999084,0.04378641739996336,transform,206_83,0,strike-slip,0
B032496B,1996,30.17,0.56,10.0,5.0,5.0,0.0,21.0,92.0,276.0,0.20322920207489756,:CRB,SO,AF,213,0.2560506742284723,98.46053066868146,0.07681520226854167,0.12802533711423614,0.051210134845694456,transform,210_90,1,normal,2
B110296B,1996,39.25,19.23,10.0,5.0,5.0,4.6,26.0,46.0,208.0,0.20582730625453888,:CRB,AR,AF,210,0.8106114306447685,74.50925850100677,0.24318342919343053,0.40530571532238424,0.1621222861289537,transform,219_109,1,strike-slip,0
B122096A,1996,35.83,-5.29,10.0,5.0,5.0,4.6,17.0,93.0,192.0,4.1326510624053405,:CRB,SO,AF,213,0.18627314103773873,106.33832687223718,0.05588194231132162,0.09313657051886937,0.03725462820754775,transform,215_84,0,strike-slip,0
B030897C,1997,43.26,11.75,10.0,5.1,5.1,4.9,10.0,22.0,279.0,0.42111125608323624,:OSR,SO,AR,208,0.8883151725105476,84.85608388421304,0.2664945517531643,0.4441575862552738,0.17766303450210952,transform,223_101,1,normal,2
B030997C,1997,43.55,11.7,10.0,5.0,4.8,5.0,7.0,184.0,280.0,0.3281486553377936,:OSR,SO,AR,208,0.897512962320941,85.03369450594064,0.2692538886962823,0.4487564811604705,0.1795025924641882,transform,223_101,1,normal,2
C092197C,1997,30.37,-7.36,10.0,6.2,5.7,6.2,15.0,255.0,135.0,0.17375750602491843,:CRB,SO,AF,213,0.192558999592765,105.41384710460886,0.0577676998778295,0.0962794997963825,0.038511799918553004,transform,210_82,1,reverse,1
B032898C,1998,29.52,-6.02,10.0,5.3,5.3,4.8,40.0,105.0,214.0,0.11208455781239426,:CRB,SO,AF,213,0.20712574946056783,103.8308325861272,0.062137724838170344,0.10356287473028392,0.04142514989211357,transform,209_83,1,normal,2
B052100A,2000,43.67,-12.21,10.0,5.1,5.1,5.0,35.0,28.0,279.0,9.03859898269638,:CRB,SO,AF,213,0.09701798272094297,116.16892684670988,0.02910539481628289,0.04850899136047149,0.019403596544188596,transform,223_77,0,normal,2
C100200A,2000,30.71,-7.98,34.0,6.7,6.1,6.7,13.0,78.0,245.0,0.481827413188582,:CRB,SO,AF,213,0.1860100149190993,106.11904350017696,0.055803004475729785,0.09300500745954965,0.037202002983819864,transform,210_82,1,normal,2
B052501I,2001,39.99,18.03,10.0,4.9,4.8,4.9,14.0,239.0,118.0,0.08066752754361628,:CRB,AR,AF,210,0.8731341196241598,75.8983627904378,0.2619402358872479,0.4365670598120799,0.17462682392483198,transform,219_108,1,reverse,1
B062901I,2001,29.97,0.29,10.0,5.0,5.0,4.4,15.0,265.0,38.0,0.2514824661501468,:CRB,SO,AF,213,0.25480470138823286,98.59576495316517,0.07644141041646986,0.12740235069411643,0.050960940277646576,transform,209_90,1,reverse,1
B110201C,2001,43.19,11.79,4.6,4.9,4.9,0.0,19.0,11.0,275.0,0.3487358455909009,:OSR,SO,AR,208,0.8848690892620148,84.78858682602169,0.26546072677860444,0.4424345446310074,0.17697381785240296,transform,223_101,1,normal,2
B012002A,2002,28.98,-1.68,10.0,4.9,4.9,4.6,6.0,277.0,16.0,0.19796738645544537,:CRB,SO,AF,213,0.2437417666559334,99.80994338127408,0.07312252999678001,0.1218708833279667,0.04874835333118668,transform,208_88,1,strike-slip,0
B012102A,2002,29.04,-1.78,10.0,4.9,4.9,4.5,23.0,316.0,173.0,0.09455731648053477,:CRB,SO,AF,213,0.24270951582773126,99.92653196221781,0.07281285474831937,0.12135475791386563,0.048541903165546255,transform,209_88,1,strike-slip,0
B012202B,2002,28.99,-1.51,10.0,4.9,4.9,4.7,25.0,108.0,247.0,0.33039141347801426,:CRB,SO,AF,213,0.24501870358621236,99.66778520320001,0.0735056110758637,0.12250935179310618,0.04900374071724248,transform,208_88,1,normal,2
B022002H,2002,31.9,-7.68,38.5,5.7,5.7,5.4,3.0,38.0,153.0,0.32347070964771985,:CRB,SO,AF,213,0.1832045969626579,106.45877216396079,0.05496137908879737,0.09160229848132895,0.03664091939253158,transform,211_82,1,strike-slip,0
B051802B,2002,33.73,-2.91,10.0,5.5,5.2,5.5,17.0,13.0,104.0,4.622596400985055,:CRB,SO,AF,213,0.21418102334397204,103.23556461717111,0.06425430700319161,0.10709051167198602,0.04283620466879441,transform,213_87,0,reverse,1
B071602E,2002,41.07,-11.65,10.0,5.1,5.1,0.0,16.0,76.0,201.0,6.391297174283168,:CRB,SO,AF,213,0.11160312428203767,114.4265160860694,0.0334809372846113,0.055801562141018834,0.022320624856407536,transform,221_78,0,strike-slip,0
B080802E,2002,40.0,13.65,10.0,4.9,4.9,0.0,0.0,261.0,180.0,0.4499397737475539,:CRB,AR,AF,210,1.0387390110484542,79.7020207123141,0.31162170331453626,0.5193695055242271,0.20774780220969086,transform,220_103,1,strike-slip,0
B080902C,2002,43.65,11.82,10.0,5.0,5.0,4.7,5.0,199.0,295.0,0.19270064867560804,:OSR,SO,AR,208,0.8946872849785308,84.97395053243807,0.2684061854935592,0.4473436424892654,0.17893745699570618,transform,223_101,1,normal,2
B081002B,2002,43.88,12.13,10.0,5.0,5.0,0.0,0.0,233.0,180.0,0.20867795762849592,:OSR,SO,AR,208,0.8867151373318674,84.80643792461501,0.2660145411995602,0.4433575686659337,0.17734302746637348,transform,223_102,1,strike-slip,0
B081002C,2002,39.81,13.65,10.0,5.2,5.2,5.2,22.0,57.0,213.0,0.5226870956891886,:CRB,AR,AF,210,1.03454875225695,79.61091681841333,0.310364625677085,0.517274376128475,0.20690975045139004,transform,219_103,1,normal,2
B083102E,2002,34.31,-9.74,10.0,4.9,4.9,0.0,21.0,60.0,263.0,0.5125679763699639,:CRB,SO,AF,213,0.15566692365534962,109.44123782775057,0.04670007709660488,0.07783346182767481,0.031133384731069927,transform,214_80,1,normal,2
C102402M,2002,29.0,-1.88,11.0,6.3,5.9,6.3,4.0,109.0,220.0,0.14788876258864225,:CRB,SO,AF,213,0.2421020809819927,99.99306032523603,0.07263062429459781,0.12105104049099635,0.048420416196398544,transform,209_88,1,normal,2
B120102H,2002,39.74,12.28,10.0,4.9,4.9,0.0,22.0,284.0,120.0,0.8310923233913302,:CRB,AR,AF,210,1.0845872119461664,80.76909964397092,0.3253761635838499,0.5422936059730832,0.21691744238923327,transform,219_102,1,reverse,1
B122302A,2002,34.97,-1.72,10.0,4.9,4.9,4.5,25.0,186.0,87.0,5.324401338638927,:CRB,SO,AF,213,0.2187302301126044,102.80572253371781,0.06561906903378131,0.1093651150563022,0.043746046022520885,transform,214_88,0,reverse,1
B032003C,2003,29.56,-2.42,10.0,5.2,5.2,4.8,18.0,244.0,351.0,0.7017031068051496,:CRB,SO,AF,213,0.23550006837842563,100.7407049321279,0.07065002051352769,0.11775003418921282,0.04710001367568513,transform,209_87,1,strike-slip,0
B041003E,2003,29.51,-5.55,10.0,5.0,5.0,4.3,6.0,303.0,45.0,0.12033501942493566,:CRB,SO,AF,213,0.21093232291911423,103.42048478350884,0.06327969687573427,0.10546616145955712,0.04218646458382285,transform,209_84,1,reverse,1
B061403A,2003,36.07,-5.51,10.0,5.1,5.1,4.6,21.0,267.0,114.0,4.093680789167616,:CRB,SO,AF,213,0.18348815616625558,106.64744023051608,0.055046446849876675,0.09174407808312779,0.036697631233251114,transform,216_84,0,reverse,1
B080503D,2003,29.45,-0.52,10.0,5.3,5.3,4.7,25.0,285.0,164.0,0.2087991753455941,:CRB,SO,AF,213,0.25073621306891614,99.03981008329092,0.07522086392067484,0.12536810653445807,0.05014724261378323,transform,209_89,1,strike-slip,0
C010304W,2004,43.04,11.51,10.0,4.9,4.9,0.0,6.0,183.0,281.0,0.34742868332940074,:OSR,SO,AR,208,0.8934872570090668,84.96606281876949,0.26804617710272005,0.4467436285045334,0.17869745140181337,transform,223_101,1,normal,2
C010404A,2004,43.19,11.64,10.0,5.1,5.1,4.7,1.0,8.0,274.0,0.38159754978249066,:OSR,SO,AR,208,0.8914313114627914,84.92072716461024,0.2674293934388374,0.4457156557313957,0.17828626229255828,transform,223_101,1,normal,2
C031404A,2004,34.43,-10.4,10.0,4.9,4.9,0.0,4.0,91.0,350.0,0.3537335155169805,:CRB,SO,AF,213,0.14962391754418114,110.06990250197344,0.04488717526325434,0.07481195877209057,0.02992478350883623,transform,214_79,1,strike-slip,0
C082104D,2004,34.42,-10.59,10.0,4.9,4.9,4.2,9.0,212.0,308.0,0.36518953982829705,:CRB,SO,AF,213,0.14807508217874155,110.22850446739227,0.04442252465362246,0.07403754108937077,0.02961501643574831,transform,214_79,1,normal,2
C102204D,2004,40.3,14.17,10.0,5.4,5.4,5.1,7.0,67.0,185.0,0.13287305972242766,:CRB,AR,AF,210,1.025788484921173,79.39366665513629,0.3077365454763519,0.5128942424605865,0.20515769698423458,transform,220_104,1,strike-slip,0
C200501041958A,2005,41.49,-10.41,29.4,5.1,5.1,0.0,10.0,65.0,180.0,6.80894907970386,:CRB,SO,AF,213,0.12076951090498422,113.5517108397863,0.036230853271495264,0.06038475545249211,0.024153902180996847,transform,221_79,0,strike-slip,0
C200501150513A,2005,39.22,-5.99,10.0,5.1,5.1,4.6,3.0,88.0,348.0,6.2968146553316915,:CRB,SO,AF,213,0.16712036071073566,108.59782937463116,0.0501361082132207,0.08356018035536783,0.03342407214214713,transform,219_84,0,strike-slip,0
C200509202123A,2005,40.53,12.71,10.0,5.2,5.2,5.0,1.0,117.0,207.0,0.1125542091616309,:CRB,AR,AF,210,1.0856623074197778,80.77391842150755,0.32569869222593334,0.5428311537098889,0.21713246148395557,transform,220_102,1,strike-slip,0
C200509211457A,2005,40.47,12.53,10.0,4.9,4.9,0.0,3.0,117.0,208.0,0.07904713783559959,:CRB,AR,AF,210,1.091098816113906,80.90186800968849,0.32732964483417176,0.545549408056953,0.2182197632227812,transform,220_102,1,strike-slip,0
C200509220312A,2005,40.46,12.7,10.0,5.0,5.0,4.5,6.0,120.0,216.0,0.11071788473412897,:CRB,AR,AF,210,1.0845117429877602,80.74906795220625,0.3253535228963281,0.5422558714938801,0.21690234859755206,transform,220_102,1,normal,2
C200509221358A,2005,40.55,12.7,10.0,4.9,4.9,4.2,0.0,233.0,143.0,0.10899747703501897,:CRB,AR,AF,210,1.0864725873257566,80.79221077794028,0.32594177619772696,0.5432362936628783,0.21729451746515133,transform,220_102,1,reverse,1
C200509221951A,2005,40.47,12.42,10.0,4.9,4.9,4.0,12.0,239.0,130.0,0.1835877174540831,:CRB,AR,AF,210,1.0952184656513806,80.99764832834623,0.3285655396954142,0.5476092328256903,0.21904369313027613,transform,220_102,1,reverse,1
C200509240515A,2005,40.52,12.67,10.0,5.0,5.0,4.2,1.0,72.0,174.0,0.07137541593574095,:CRB,AR,AF,210,1.0869429382053486,80.80394893823234,0.3260828814616046,0.5434714691026743,0.21738858764106972,transform,220_102,1,strike-slip,0
C200509240658A,2005,40.57,12.57,10.0,5.2,5.2,4.4,8.0,68.0,188.0,0.06960208330215319,:CRB,AR,AF,210,1.0917762346972095,80.91498385746024,0.32753287040916285,0.5458881173486048,0.21835524693944192,transform,220_102,1,strike-slip,0
C200509240736A,2005,40.54,12.62,10.0,5.0,5.0,4.1,2.0,66.0,163.0,0.03860634662849915,:CRB,AR,AF,210,1.0892511851403395,80.85706818878487,0.32677535554210185,0.5446255925701697,0.2178502370280679,transform,220_102,1,strike-slip,0
C200509240820A,2005,40.39,12.54,10.0,4.9,4.9,0.0,1.0,245.0,154.0,0.13148555053693264,:CRB,AR,AF,210,1.0889832843322935,80.85479681655505,0.32669498529968805,0.5444916421661468,0.21779665686645872,transform,220_102,1,strike-slip,0
C200509241924A,2005,40.63,12.47,11.8,5.1,5.1,5.0,7.0,76.0,343.0,0.17875248250024445,:CRB,AR,AF,210,1.0968233386827455,81.03082325659986,0.32904700160482364,0.5484116693413728,0.2193646677365491,transform,220_102,1,strike-slip,0
C200509250037A,2005,40.6,12.45,10.0,5.0,5.0,4.6,3.0,68.0,168.0,0.176268119635969,:CRB,AR,AF,210,1.0969200234122631,81.03385844345158,0.32907600702367895,0.5484600117061316,0.21938400468245264,transform,220_102,1,strike-slip,0
C200509250110A,2005,40.51,12.26,10.0,4.9,4.9,3.9,1.0,59.0,151.0,0.33981237470109915,:CRB,AR,AF,210,1.1020762386437823,81.15616761898332,0.3306228715931347,0.5510381193218912,0.22041524772875648,transform,220_102,1,strike-slip,0
C200509250818A,2005,40.49,12.44,10.0,4.9,4.9,4.0,12.0,231.0,356.0,0.16071232062290733,:CRB,AR,AF,210,1.0949042303839613,80.9898241670847,0.32847126911518837,0.5474521151919807,0.21898084607679227,transform,220_102,1,strike-slip,0
C200509251002A,2005,40.51,12.37,10.0,5.2,5.2,4.2,2.0,49.0,168.0,0.22981829779197388,:CRB,AR,AF,210,1.097959373151947,81.06037135507708,0.3293878119455841,0.5489796865759735,0.21959187463038943,transform,220_102,1,strike-slip,0
C200509251120A,2005,40.58,12.42,10.0,5.1,5.1,4.3,3.0,238.0,359.0,0.19401662299916375,:CRB,AR,AF,210,1.0976082582958453,81.05039494001844,0.32928247748875356,0.5488041291479226,0.21952165165916906,transform,220_102,1,strike-slip,0
C200509261328A,2005,40.46,12.32,10.0,4.9,4.9,4.2,10.0,254.0,10.0,0.28373658558599724,:CRB,AR,AF,210,1.0987453914971823,81.07993279825625,0.3296236174491547,0.5493726957485912,0.21974907829943646,transform,220_102,1,strike-slip,0
C200509262030A,2005,40.54,12.47,10.0,5.0,5.0,4.2,2.0,248.0,151.0,0.13390463024107765,:CRB,AR,AF,210,1.094867737998774,80.98767622603594,0.32846032139963216,0.547433868999387,0.2189735475997548,transform,220_102,1,strike-slip,0
C200509262125A,2005,40.58,12.31,10.0,4.9,4.9,4.0,4.0,247.0,135.0,0.295869041976346,:CRB,AR,AF,210,1.1017240739961167,81.1461918416034,0.330517222198835,0.5508620369980584,0.22034481479922335,transform,220_102,1,reverse,1
C200509281631A,2005,40.63,12.44,10.0,5.1,5.1,0.0,10.0,239.0,14.0,0.20159476679715801,:CRB,AR,AF,210,1.0979457985317405,81.05694859413711,0.3293837395595221,0.5489728992658702,0.2195891597063481,transform,220_102,1,strike-slip,0
C200510022324A,2005,40.54,12.02,10.0,5.0,5.0,4.1,4.0,246.0,17.0,0.3671137289723728,:CRB,AR,AF,210,1.111703130160321,81.3796014195458,0.3335109390480963,0.5558515650801605,0.22234062603206423,transform,220_102,1,strike-slip,0
C200512051219A,2005,29.83,-6.22,22.0,7.2,6.4,7.2,0.0,81.0,351.0,0.2602824390926128,:CRB,SO,AF,213,0.20415183568898243,104.15942400233044,0.061245550706694726,0.10207591784449122,0.04083036713779649,transform,209_83,1,strike-slip,0
C200512060553A,2005,29.64,-6.08,10.0,5.3,5.3,5.2,9.0,267.0,21.0,0.044606592562088196,:CRB,SO,AF,213,0.20611470874710403,103.94302086476591,0.0618344126241312,0.10305735437355201,0.04122294174942081,transform,209_83,1,strike-slip,0
C200512080316A,2005,29.51,-6.28,10.0,5.1,5.0,5.1,2.0,112.0,12.0,0.20204392616458328,:CRB,SO,AF,213,0.20508448918530586,104.04990277741452,0.06152534675559176,0.10254224459265293,0.041016897837061174,transform,209_83,1,strike-slip,0
C200512081151A,2005,29.51,-6.55,10.0,4.9,4.8,4.9,6.0,94.0,276.0,0.459902541958619,:CRB,SO,AF,213,0.2029158698647322,104.28255131252854,0.060874760959419655,0.1014579349323661,0.040583173972946446,transform,209_83,1,normal,2
C200512092330A,2005,29.71,-6.18,10.0,5.5,5.5,5.3,11.0,278.0,33.0,0.13698083114071252,:CRB,SO,AF,213,0.20500292650647012,104.0644975591654,0.061500877951941035,0.10250146325323506,0.041000585301294024,transform,209_83,1,reverse,1
C200601092059A,2006,29.74,-6.1,25.6,5.3,5.3,4.6,14.0,115.0,218.0,0.14040423106160263,:CRB,SO,AF,213,0.2055129046128803,104.01063432088749,0.061653871383864085,0.10275645230644015,0.041102580922576064,transform,209_83,1,normal,2
C200604101336A,2006,39.94,14.53,10.0,4.7,4.7,4.6,16.0,71.0,226.0,0.20795271097054915,:CRB,AR,AF,210,1.0042387826893453,78.90848909752049,0.3012716348068036,0.5021193913446726,0.20084775653786907,transform,219_104,1,normal,2
C200604270418B,2006,30.08,0.34,10.0,5.3,5.3,4.5,13.0,96.0,265.0,0.3512734985463026,:CRB,SO,AF,213,0.2547339334932195,98.60694276711378,0.07642018004796584,0.12736696674660974,0.0509467866986439,transform,210_90,1,normal,2
C200605291530A,2006,30.11,0.34,23.9,4.8,4.8,0.0,4.0,120.0,25.0,0.370209495800634,:CRB,SO,AF,213,0.2546100438029324,98.62182450105092,0.07638301314087971,0.1273050219014662,0.05092200876058648,transform,210_90,1,strike-slip,0
C200607022344A,2006,38.95,19.33,10.0,3.8,3.8,0.0,16.0,241.0,68.0,0.1707555562785653,:CRB,AF,AR,209,0.7998291672196824,74.2800270500513,0.23994875016590472,0.3999145836098412,0.1599658334439365,transform,218_109,1,reverse,1
C200607130536A,2006,30.32,-8.35,29.9,4.8,4.8,0.0,11.0,78.0,281.0,0.8840035468820239,:CRB,SO,AF,213,0.18474023494049607,106.24072132395635,0.05542207048214882,0.09237011747024804,0.03694804698809922,transform,210_81,1,normal,2
C200612210907A,2006,43.55,12.04,10.0,5.0,5.0,0.0,10.0,205.0,92.0,0.10317722616934971,:OSR,SO,AR,208,0.8826638575656647,84.7340912455004,0.2647991572696994,0.44133192878283234,0.17653277151313296,transform,223_102,1,reverse,1
C200702190233A,2007,30.75,1.76,28.4,5.6,5.6,5.6,10.0,110.0,11.0,0.346843749258942,:CRB,SO,AF,213,0.2628431115003691,97.70415743122263,0.07885293345011073,0.13142155575018455,0.05256862230007382,transform,210_91,1,strike-slip,0
C200702260849A,2007,42.88,9.97,10.0,4.9,4.9,0.0,13.0,168.0,324.0,1.8166348229625016,:CRB,SO,AF,213,0.28025834071707134,96.15278036559215,0.0840775022151214,0.14012917035853567,0.05605166814341427,transform,222_99,0,normal,2
C200703282117A,2007,29.67,-6.27,8.0,5.8,5.8,5.8,4.0,256.0,349.0,0.18500796766626093,:CRB,SO,AF,213,0.20445680422452028,104.12192862017912,0.061337041267356084,0.10222840211226014,0.04089136084490406,transform,209_83,1,strike-slip,0
C200706151849A,2007,30.83,1.72,24.0,5.9,5.6,5.9,4.0,293.0,27.0,0.3499642644613861,:CRB,SO,AF,213,0.26221511641290096,97.77838162112585,0.07866453492387028,0.13110755820645048,0.052443023282580194,transform,210_91,1,strike-slip,0
C200706182351A,2007,41.83,-12.47,10.0,5.1,5.1,4.1,11.0,9.0,136.0,7.265556521698802,:CRB,SO,AF,213,0.10154636728736399,115.507312489046,0.030463910186209198,0.050773183643681996,0.0203092734574728,transform,221_77,0,reverse,1
C200707151124A,2007,36.24,-2.93,10.0,5.2,5.2,0.0,3.0,169.0,73.0,6.400630750449522,:CRB,SO,AF,213,0.20395727301358235,104.48046616668802,0.061187181904074704,0.10197863650679118,0.04079145460271647,transform,216_87,0,reverse,1
C200707152042A,2007,36.16,-2.88,10.0,5.3,5.3,5.2,4.0,150.0,268.0,6.41315382659733,:CRB,SO,AF,213,0.2046778041610473,104.39791318252648,0.06140334124831419,0.10233890208052365,0.040935560832209464,transform,216_87,0,normal,2
C200707171410A,2007,36.36,-2.73,8.0,5.9,5.7,5.9,5.0,148.0,354.0,6.632565868772054,:CRB,SO,AF,213,0.20511117451296723,104.36396235759007,0.06153335235389017,0.10255558725648362,0.04102223490259345,transform,216_87,0,strike-slip,0
C200707171827A,2007,36.19,-2.78,10.0,5.0,5.0,4.7,11.0,148.0,324.0,6.516733230967798,:CRB,SO,AF,213,0.20537166057445866,104.32512394233026,0.061611498172337596,0.10268583028722933,0.04107433211489173,transform,216_87,0,normal,2
C200707181725A,2007,36.09,-2.77,10.0,4.8,4.8,4.3,2.0,161.0,51.0,6.486159356938435,:CRB,SO,AF,213,0.20584571932114315,104.26779992438125,0.061753715796342944,0.10292285966057158,0.04116914386422863,transform,216_87,0,reverse,1
C200707261854A,2007,36.01,-2.68,10.0,4.9,4.9,0.0,3.0,161.0,62.0,6.538652460836253,:CRB,SO,AF,213,0.2068899744462378,104.15029481474974,0.062066992333871335,0.1034449872231189,0.041377994889247566,transform,216_87,0,reverse,1
C200708180744A,2007,36.21,-2.83,10.0,5.2,5.2,0.0,1.0,164.0,261.0,6.479199642208904,:CRB,SO,AF,213,0.2048873029606515,104.37852484535102,0.061466190888195445,0.10244365148032575,0.0409774605921303,transform,216_87,0,normal,2
C200708200256A,2007,36.29,-2.71,10.0,5.3,5.3,5.1,11.0,153.0,357.0,6.6214840031219575,:CRB,SO,AF,213,0.2055475230812931,104.31251169419966,0.06166425692438793,0.10277376154064655,0.04110950461625862,transform,216_87,0,strike-slip,0
C200709081415A,2007,36.11,-2.64,10.0,4.8,4.8,4.5,10.0,125.0,313.0,6.613719135524277,:CRB,SO,AF,213,0.2068210224990592,104.16394018881434,0.062046306749717756,0.1034105112495296,0.041364204499811846,transform,216_87,0,normal,2
C200709161401A,2007,42.08,-11.81,3.1,5.2,5.2,4.1,10.0,179.0,33.0,7.412329564313771,:CRB,SO,AF,213,0.10636883177248979,115.05518351062886,0.03191064953174694,0.053184415886244896,0.02127376635449796,transform,222_78,0,reverse,1
C200710020906A,2007,40.83,13.44,10.0,4.1,4.1,0.0,4.0,239.0,331.0,0.3710510611762223,:CRB,AR,AF,210,1.0648670673723215,80.2822022843946,0.31946012021169645,0.5324335336861608,0.2129734134744643,transform,220_103,1,strike-slip,0
C200712081955A,2007,37.65,-7.56,10.0,5.6,5.4,5.6,17.0,135.0,338.0,4.2611048336787,:CRB,SO,AF,213,0.1600430121306431,109.20461596738818,0.04801290363919292,0.08002150606532155,0.03200860242612862,transform,217_82,0,strike-slip,0
C200712231256A,2007,39.25,-4.04,10.0,5.1,5.1,0.0,3.0,204.0,327.0,7.383787429470054,:CRB,SO,AF,213,0.1832919095309089,106.90444239967495,0.05498757285927267,0.09164595476545445,0.03665838190618178,transform,219_85,0,normal,2
C200712231345A,2007,36.2,-2.78,10.0,5.3,5.3,5.3,9.0,23.0,236.0,6.5207820085937565,:CRB,SO,AF,213,0.2053324028767749,104.3299812961591,0.06159972086303247,0.10266620143838745,0.04106648057535498,transform,216_87,0,normal,2
C200801210249A,2008,41.56,-10.53,10.0,5.2,5.0,5.2,11.0,75.0,255.0,6.868932782463375,:CRB,SO,AF,213,0.11946561839991343,113.69003956829721,0.035839685519974025,0.059732809199956716,0.023893123679982687,transform,221_79,0,normal,2
C200801211528A,2008,41.57,-10.57,10.0,4.9,4.9,4.3,22.0,260.0,141.0,6.876129984955201,:CRB,SO,AF,213,0.11908094013063053,113.72970739730442,0.035724282039189155,0.059540470065315265,0.023816188026126107,transform,221_79,0,reverse,1
C200802030734A,2008,28.9,-2.3,10.0,6.1,6.1,5.9,10.0,93.0,293.0,0.032766600372940095,:CRB,SO,AF,213,0.2392573847491768,100.30636436510602,0.07177721542475303,0.1196286923745884,0.04785147694983536,transform,208_87,1,normal,2
C200802031056A,2008,28.97,-2.4,10.0,5.1,5.1,0.0,5.0,265.0,13.0,0.13926108609371074,:CRB,SO,AF,213,0.23817721437451933,100.42795630747429,0.0714531643123558,0.11908860718725967,0.04763544287490387,transform,208_87,1,strike-slip,0
C200802140207A,2008,28.92,-2.4,10.0,5.4,5.4,4.9,0.0,270.0,1.0,0.10799838008044495,:CRB,SO,AF,213,0.23839138406935856,100.40289060618909,0.07151741522080757,0.11919569203467928,0.04767827681387171,transform,208_87,1,strike-slip,0
C200803060735A,2008,36.01,-5.41,10.0,5.1,4.9,5.1,0.0,99.0,9.0,4.137175171974228,:CRB,SO,AF,213,0.18455613097981427,106.5309984068058,0.05536683929394428,0.09227806548990714,0.036911226195962855,transform,216_84,0,strike-slip,0
C200804200730A,2008,26.07,-3.67,10.0,5.2,5.2,0.0,10.0,163.0,71.0,2.8904492000552433,:CRB,SO,AF,213,0.24092115490876154,100.0618693572651,0.07227634647262846,0.12046057745438077,0.04818423098175231,transform,206_86,0,reverse,1
C200804290006A,2008,42.99,11.68,10.0,5.0,4.8,5.0,4.0,197.0,303.0,0.1879805575052952,:OSR,SO,AR,208,0.8848315358068639,84.79324909321812,0.26544946074205916,0.44241576790343196,0.1769663071613728,transform,222_101,1,normal,2
C200804290107A,2008,42.81,11.72,10.0,4.8,4.8,0.0,3.0,196.0,293.0,0.08126924387490973,:OSR,SO,AR,208,0.8787054604299493,84.67494268795181,0.2636116381289848,0.4393527302149747,0.17574109208598987,transform,222_101,1,normal,2
C200808270646A,2008,41.47,-10.75,10.0,5.9,5.9,5.7,23.0,253.0,128.0,6.766588473521941,:CRB,SO,AF,213,0.1178952341840862,113.83810854335593,0.03536857025522586,0.0589476170920431,0.023579046836817243,transform,221_79,0,reverse,1
C200809151550A,2008,30.15,-4.98,10.0,4.8,4.8,0.0,10.0,93.0,3.0,0.5679639711284502,:CRB,SO,AF,213,0.21269194935715685,103.25014873720147,0.06380758480714706,0.10634597467857843,0.042538389871431374,transform,210_85,1,strike-slip,0
C200810050002A,2008,29.12,-1.13,4.0,5.3,5.2,5.3,10.0,286.0,176.0,0.32787541292387146,:CRB,SO,AF,213,0.24741209373611994,99.4037267671124,0.07422362812083598,0.12370604686805997,0.04948241874722399,transform,209_88,1,strike-slip,0
C200810170940A,2008,40.61,12.39,10.0,4.6,4.4,4.6,0.0,233.0,325.0,0.23367595083790596,:CRB,AR,AF,210,1.0993822017514976,81.09090394480225,0.3298146605254493,0.5496911008757488,0.21987644035029952,transform,220_102,1,normal,2
C200810171057A,2008,40.65,12.34,10.0,4.8,4.8,4.7,8.0,223.0,350.0,0.24669108212499347,:CRB,AR,AF,210,1.1021205449405551,81.15362644072016,0.3306361634821665,0.5510602724702776,0.22042410898811104,transform,220_102,1,strike-slip,0
C200811131107A,2008,26.86,-6.37,10.0,5.0,5.0,0.0,5.0,298.0,94.0,2.7529798306743904,:CRB,SO,AF,213,0.21623283929902293,102.78608301467159,0.06486985178970688,0.10811641964951146,0.04324656785980459,transform,206_83,0,reverse,1
C200812140943A,2008,30.13,-7.35,10.0,5.1,5.1,0.0,31.0,252.0,86.0,0.38632663757499347,:CRB,SO,AF,213,0.19370664122646364,105.28427572407483,0.05811199236793909,0.09685332061323182,0.03874132824529273,transform,210_82,1,reverse,1
C200901010139A,2009,40.52,17.22,10.0,4.6,4.6,0.0,21.0,216.0,3.0,0.19427333836633853,:CRB,AR,AF,210,0.9158131335464921,76.85189026843437,0.2747439400639476,0.45790656677324604,0.18316262670929842,transform,220_107,1,strike-slip,0
C200902052136A,2009,39.15,19.17,10.0,4.8,4.8,0.0,2.0,42.0,307.0,0.20371764773823875,:CRB,AR,AF,210,0.8105582549866961,74.51337320572361,0.2431674764960088,0.40527912749334805,0.16211165099733924,transform,219_109,1,normal,2
C200902160824A,2009,34.84,-3.95,10.0,5.0,5.0,0.0,19.0,159.0,328.0,4.959726968654626,:CRB,SO,AF,213,0.20125573748653114,104.68626176588708,0.06037672124595934,0.10062786874326557,0.04025114749730623,transform,214_86,0,normal,2
C200909261326A,2009,30.45,-7.53,10.0,5.4,5.4,5.1,6.0,275.0,163.0,0.06347811355104996,:CRB,SO,AF,213,0.19082476666107517,105.60057077251653,0.05724742999832255,0.09541238333053759,0.038164953332215035,transform,210_82,1,strike-slip,0
C200910180039A,2009,30.15,0.56,10.0,5.0,5.0,0.0,7.0,320.0,186.0,0.21151384960801037,:CRB,SO,AF,213,0.25613304387591285,98.45061750183513,0.07683991316277385,0.12806652193795642,0.05122660877518257,transform,210_90,1,strike-slip,0
C200911060126A,2009,44.68,12.02,10.0,4.6,4.6,4.6,2.0,12.0,275.0,0.1002287383937371,:OSR,SO,AR,208,0.9107257085217428,85.27014863269874,0.27321771255652283,0.4553628542608714,0.1821451417043486,transform,224_102,1,normal,2
C200911140447A,2009,29.84,-6.85,10.0,5.3,5.3,0.0,18.0,274.0,150.0,0.21375504415100996,:CRB,SO,AF,213,0.1990354790359934,104.70741374655191,0.05971064371079801,0.0995177395179967,0.039807095807198684,transform,209_83,1,strike-slip,0
C200911140450A,2009,29.82,-6.78,10.0,5.5,5.5,5.3,12.0,259.0,24.0,0.22577647995307243,:CRB,SO,AF,213,0.19968859326592803,104.63702585077222,0.05990657797977841,0.09984429663296401,0.03993771865318561,transform,209_83,1,strike-slip,0
C200912061736A,2009,33.85,-10.13,10.0,5.8,5.7,5.8,9.0,66.0,216.0,0.3986620122359254,:CRB,SO,AF,213,0.15441136811629086,109.54726373340837,0.046323410434887254,0.07720568405814543,0.030882273623258173,transform,213_79,1,normal,2
C200912061758A,2009,33.87,-10.02,10.0,5.3,5.3,0.0,3.0,65.0,168.0,0.42527300690262404,:CRB,SO,AF,213,0.1552419439130519,109.46255309922802,0.04657258317391557,0.07762097195652595,0.031048388782610382,transform,213_79,1,strike-slip,0
C200912061829A,2009,33.92,-10.13,10.0,5.2,5.2,0.0,0.0,61.0,328.0,0.36269463740176483,:CRB,SO,AF,213,0.1541053500797256,109.58230334835888,0.046231605023917675,0.0770526750398628,0.03082107001594512,transform,213_79,1,normal,2
C200912070931A,2009,33.84,-10.11,10.0,5.0,5.0,0.0,13.0,92.0,220.0,0.4207747616005468,:CRB,SO,AF,213,0.15462202437221872,109.52503709198938,0.04638660731166561,0.07731101218610936,0.030924404874443746,transform,213_79,1,normal,2
C200912071816A,2009,33.84,-10.0,10.0,4.9,4.9,0.0,2.0,88.0,181.0,0.40264914056781526,:CRB,SO,AF,213,0.15553986279190646,109.43031437437037,0.04666195883757194,0.07776993139595323,0.031107972558381294,transform,213_80,1,strike-slip,0
C200912080308A,2009,33.88,-9.95,8.0,5.9,5.9,5.9,10.0,73.0,215.0,0.3575252863784598,:CRB,SO,AF,213,0.15578233794313068,109.40726869845835,0.046734701382939205,0.07789116897156534,0.031156467588626138,transform,213_80,1,normal,2
C200912110449A,2009,33.86,-10.09,10.0,5.0,5.0,0.0,3.0,235.0,105.0,0.4266560675766825,:CRB,SO,AF,213,0.15470148528820893,109.51782794855953,0.04641044558646268,0.07735074264410446,0.030940297057641786,transform,213_79,1,reverse,1
C200912120227A,2009,33.91,-9.94,10.0,5.5,5.3,5.5,9.0,81.0,217.0,0.3543076775910998,:CRB,SO,AF,213,0.15573488199655827,109.4136653900786,0.04672046459896748,0.07786744099827914,0.031146976399311656,transform,213_80,1,normal,2
C200912192319A,2009,33.82,-10.11,6.0,6.0,6.0,6.0,7.0,64.0,235.0,0.43252213816173424,:CRB,SO,AF,213,0.15470950965497554,109.51502416931302,0.04641285289649266,0.07735475482748777,0.030941901930995108,transform,213_79,1,normal,2
C200912220339A,2009,40.85,10.22,10.0,4.6,4.6,0.0,14.0,90.0,336.0,0.09380218547560853,:CRB,SO,AF,213,0.28846904949733876,95.02903251578151,0.08654071484920163,0.14423452474866938,0.057693809899467756,transform,220_100,1,strike-slip,0
C201001282352A,2010,29.2,-0.9,10.0,5.2,5.2,4.7,3.0,278.0,31.0,0.45552067614983194,:CRB,SO,AF,213,0.2488529981526595,99.2444411528248,0.07465589944579784,0.12442649907632974,0.0497705996305319,transform,209_89,1,reverse,1
C201004082357A,2010,35.23,-4.17,25.3,4.9,4.9,0.0,19.0,125.0,223.0,4.867576317182915,:CRB,SO,AF,213,0.19788409618970793,105.0691165885082,0.05936522885691237,0.09894204809485396,0.03957681923794159,transform,215_85,0,normal,2
C201006131213A,2010,34.49,-0.2,10.0,4.9,4.9,0.0,26.0,127.0,284.0,3.9291428121283665,:CRB,SO,AF,213,0.2327031316539907,101.24451317634384,0.06981093949619721,0.11635156582699535,0.04654062633079814,transform,214_89,0,normal,2
C201008031942A,2010,39.06,-9.5,10.0,5.4,5.4,5.2,5.0,235.0,14.0,4.611212592149707,:CRB,SO,AF,213,0.13798160914799684,111.58008627063336,0.04139448274439905,0.06899080457399842,0.02759632182959937,transform,219_80,0,strike-slip,0
C201008090911A,2010,39.24,18.94,32.4,4.4,4.4,0.0,19.0,216.0,356.0,0.1067936327690003,:CRB,AR,AF,210,0.821370804485424,74.75474685053544,0.2464112413456272,0.410685402242712,0.1642741608970848,transform,219_108,1,strike-slip,0
C201010141003A,2010,42.78,-10.32,10.0,5.2,5.2,0.0,2.0,14.0,269.0,8.101841862811199,:CRB,SO,AF,213,0.11679082649412109,114.09358729921257,0.03503724794823632,0.058395413247060546,0.02335816529882422,transform,222_79,0,normal,2
C201010231108A,2010,36.12,4.73,10.0,4.8,4.8,0.0,10.0,113.0,293.0,0.32629159673519265,:CRB,SO,AF,213,0.26455679187406655,97.70572777484573,0.07936703756221997,0.13227839593703328,0.05291135837481331,transform,216_94,1,normal,2
C201011140632A,2010,43.96,11.98,10.0,5.5,5.4,5.5,7.0,193.0,309.0,0.09358680462543954,:OSR,SO,AR,208,0.8951841210302929,84.97538755389374,0.26855523630908784,0.44759206051514644,0.1790368242060586,transform,223_101,1,normal,2
C201011140708A,2010,43.95,11.8,10.0,4.8,4.8,0.0,0.0,195.0,288.0,0.2304875050843304,:OSR,SO,AR,208,0.9027895337412168,85.12947513545299,0.270836860122365,0.4513947668706084,0.18055790674824337,transform,223_101,1,normal,2
C201011140738A,2010,43.99,11.93,10.0,4.9,4.9,0.0,6.0,196.0,311.0,0.09798209020019909,:OSR,SO,AR,208,0.8980859260201086,85.03323928417848,0.26942577780603255,0.4490429630100543,0.17961718520402173,transform,223_101,1,normal,2
C201011140821A,2010,43.96,12.03,10.0,5.0,5.0,0.0,9.0,189.0,303.0,0.09197004947264233,:OSR,SO,AR,208,0.8930047111795272,84.93131242050296,0.26790141335385814,0.4465023555897636,0.17860094223590545,transform,223_102,1,normal,2
S201011141037A,2010,43.97,11.94,10.0,5.0,5.0,0.0,1.0,15.0,277.0,0.10446286421499508,:OSR,SO,AR,208,0.8971685003733922,85.01524046722568,0.26915055011201766,0.4485842501866961,0.17943370007467846,transform,223_101,1,normal,2
S201011141241A,2010,43.9,11.96,10.0,4.6,4.6,0.0,3.0,199.0,79.0,0.15682630519144725,:OSR,SO,AR,208,0.8946100581269283,84.9654634295673,0.26838301743807846,0.44730502906346414,0.17892201162538568,transform,223_101,1,reverse,1
C201011141249A,2010,43.76,11.86,10.0,4.7,4.7,0.0,3.0,205.0,104.0,0.18848750621725355,:OSR,SO,AR,208,0.8955958885556479,84.98927674885269,0.26867876656669437,0.44779794427782393,0.1791191777111296,transform,223_101,1,reverse,1
C201011141350A,2010,43.94,11.93,10.0,5.0,5.0,0.0,8.0,205.0,32.0,0.13427766009281258,:OSR,SO,AR,208,0.8968818313215934,85.01027938077706,0.269064549396478,0.4484409156607967,0.1793763662643187,transform,223_101,1,reverse,1
C201011141404A,2010,43.93,11.97,10.0,5.0,5.0,0.0,4.0,187.0,290.0,0.12520579060091636,:OSR,SO,AR,208,0.8948971428817805,84.97042668561036,0.2684691428645341,0.44744857144089023,0.1789794285763561,transform,223_101,1,normal,2
C201011141427A,2010,43.67,11.78,23.5,4.9,4.9,0.0,10.0,202.0,22.0,0.23360124143505853,:OSR,SO,AR,208,0.8969160015193713,85.0184024741825,0.2690748004558114,0.44845800075968567,0.17938320030387428,transform,223_101,1,strike-slip,0
C201011141433A,2010,43.81,11.95,10.0,5.3,5.3,0.0,3.0,7.0,101.0,0.1723123326985037,:OSR,SO,AR,208,0.8928757720969385,84.93293150504641,0.26786273162908153,0.44643788604846923,0.1785751544193877,transform,223_101,1,reverse,1
C201011141455A,2010,43.8,12.04,13.0,5.1,5.1,0.0,8.0,199.0,320.0,0.15295600674703191,:OSR,SO,AR,208,0.8887085606546563,84.84901435699686,0.2666125681963969,0.44435428032732815,0.17774171213093126,transform,223_102,1,normal,2
C201011141506A,2010,43.64,11.91,11.6,5.3,5.3,0.0,6.0,200.0,29.0,0.10313845063796599,:OSR,SO,AR,208,0.8905168925184306,84.89003638718805,0.26715506775552916,0.4452584462592153,0.17810337850368613,transform,223_101,1,strike-slip,0
C201011141633A,2010,43.66,11.89,10.0,4.7,4.7,0.0,6.0,191.0,306.0,0.12314844700604172,:OSR,SO,AR,208,0.891873079952469,84.91685917121467,0.2675619239857407,0.4459365399762345,0.1783746159904938,transform,223_101,1,normal,2
C201011141702A,2010,43.72,11.86,10.0,5.5,5.3,5.5,4.0,197.0,304.0,0.16818900082942326,:OSR,SO,AR,208,0.8946308842791417,84.97088760818302,0.2683892652837425,0.44731544213957086,0.17892617685582834,transform,223_101,1,normal,2
C201011141717A,2010,43.74,11.87,10.0,4.2,4.2,0.0,2.0,196.0,297.0,0.1689779275526841,:OSR,SO,AR,208,0.8946770905901138,84.97126892516323,0.26840312717703413,0.4473385452950569,0.17893541811802277,transform,223_101,1,normal,2
C201011141739A,2010,43.98,11.86,10.0,4.9,4.9,0.0,1.0,189.0,283.0,0.16342120425452955,:OSR,SO,AR,208,0.9008960844553382,85.09035815686373,0.27026882533660146,0.4504480422276691,0.18017921689106764,transform,223_101,1,normal,2
C201011141915A,2010,43.92,11.98,10.0,5.0,5.0,0.0,1.0,195.0,287.0,0.1322969765338577,:OSR,SO,AR,208,0.894220169887971,84.95701945379356,0.2682660509663913,0.4471100849439855,0.1788440339775942,transform,223_101,1,normal,2
S201011142018B,2010,43.62,11.92,10.0,4.9,4.9,0.0,2.0,192.0,292.0,0.09728072779333258,:OSR,SO,AR,208,0.889597033203291,84.87202597321173,0.2668791099609873,0.4447985166016455,0.1779194066406582,transform,223_101,1,normal,2
C201011142222A,2010,43.58,11.91,10.0,5.2,5.2,0.0,9.0,190.0,304.0,0.12400620952194608,:OSR,SO,AR,208,0.8890667918963375,84.86243955336607,0.2667200375689012,0.44453339594816876,0.1778133583792675,transform,223_101,1,normal,2
C201011142325A,2010,44.01,12.12,10.0,4.9,4.9,0.0,2.0,15.0,280.0,0.11869494513247127,:OSR,SO,AR,208,0.8902876403457984,84.87492918900259,0.2670862921037395,0.4451438201728992,0.1780575280691597,transform,224_102,1,normal,2
C201011180156A,2010,43.99,12.01,10.0,4.6,4.6,0.0,1.0,199.0,292.0,0.059333717227222874,:OSR,SO,AR,208,0.8945993526066616,84.96271535318715,0.26837980578199844,0.4472996763033308,0.17891987052133232,transform,223_102,1,normal,2
C201012111406A,2010,43.98,11.93,10.0,4.8,4.8,0.0,4.0,19.0,276.0,0.10433834386265034,:OSR,SO,AR,208,0.8978451588898757,85.02864771937647,0.2693535476669627,0.44892257944493785,0.17956903177797515,transform,223_101,1,normal,2
C201012122034A,2010,29.67,0.8,10.0,4.8,4.8,0.0,5.0,281.0,32.0,0.5781959776546329,:CRB,SO,AF,213,0.25994748955528024,98.00413820695005,0.07798424686658408,0.12997374477764012,0.05198949791105605,transform,209_90,1,reverse,1
C201012191214A,2010,37.84,7.52,10.0,5.1,5.1,0.0,1.0,274.0,6.0,0.5896095339290222,:CRB,SO,AF,213,0.27912334493140456,96.05259090154355,0.08373700347942137,0.13956167246570228,0.05582466898628091,transform,217_97,1,strike-slip,0
C201101100229A,2011,43.99,12.04,10.0,4.9,4.9,0.0,7.0,200.0,316.0,0.06738315813317185,:OSR,SO,AR,208,0.8932918986702374,84.936269723008,0.26798756960107123,0.4466459493351187,0.1786583797340475,transform,223_102,1,normal,2
C201101300228A,2011,44.07,12.02,16.1,5.0,5.0,0.0,6.0,199.0,311.0,0.023926763257906946,:OSR,SO,AR,208,0.8960902384021878,84.99061823043753,0.2688270715206563,0.4480451192010939,0.1792180476804376,transform,224_102,1,normal,2
C201103150325A,2011,31.23,1.74,10.0,5.1,5.1,0.0,11.0,328.0,161.0,0.2450983780036093,:CRB,SO,AF,213,0.2607518613502924,97.95788984912093,0.07822555840508771,0.1303759306751462,0.052150372270058476,transform,211_91,1,strike-slip,0
C201103192008A,2011,38.52,6.66,10.0,5.0,5.0,0.0,4.0,119.0,227.0,0.5278005328720319,:CRB,SO,AF,213,0.2704124580852314,97.12805747430016,0.08112373742556941,0.1352062290426157,0.054082491617046285,transform,218_96,1,normal,2
C201106121537A,2011,41.69,13.42,1.9,5.1,5.1,0.0,5.0,220.0,326.0,1.1230613919105228,:CRB,AR,AF,210,1.0844048902466943,80.71061870268119,0.3253214670740083,0.5422024451233471,0.21688097804933887,transform,221_103,0,normal,2
C201106121921A,2011,41.8,13.3,10.0,5.0,5.0,0.0,1.0,210.0,301.0,1.121254962084896,:CRB,AR,AF,210,1.0912710268570667,80.86763001882187,0.32738130805712,0.5456355134285333,0.21825420537141335,transform,221_103,0,normal,2
C201106122032A,2011,41.74,13.41,10.0,5.7,5.4,5.7,5.0,36.0,141.0,1.1738402318884842,:CRB,AR,AF,210,1.085866918236297,80.74319232644311,0.3257600754708891,0.5429334591181485,0.2171733836472594,transform,221_103,0,reverse,1
C201106122103A,2011,41.64,13.52,10.0,5.6,5.6,5.4,8.0,22.0,142.0,1.0496794224905084,:CRB,AR,AF,210,1.0795858163620116,80.59967638358862,0.32387574490860344,0.5397929081810058,0.21591716327240232,transform,221_103,0,reverse,1
C201106170916A,2011,41.73,13.3,10.0,5.6,5.5,5.6,6.0,235.0,326.0,1.1139706863288645,:CRB,AR,AF,210,1.0897482289533675,80.8342177243198,0.32692446868601027,0.5448741144766838,0.21794964579067352,transform,221_103,0,normal,2
C201108022324A,2011,43.08,9.98,10.0,4.6,4.6,0.0,14.0,325.0,231.0,1.8306290421600981,:OSR,SO,AR,208,0.9614042080573624,86.33290497454757,0.2884212624172087,0.4807021040286812,0.1922808416114725,transform,223_99,0,normal,2
C201109091325A,2011,44.9,-12.62,10.0,4.9,4.9,0.0,5.0,244.0,129.0,10.231015739407304,:CRB,SO,AF,213,0.08905352009887668,117.11425094140534,0.026716056029663003,0.04452676004943834,0.017810704019775338,transform,224_77,0,reverse,1
C201110211234A,2011,44.21,11.84,10.0,4.5,4.5,0.0,12.0,219.0,107.0,0.23248331122899826,:OSR,SO,AR,208,0.9072944946142618,85.21356305603707,0.2721883483842785,0.4536472473071309,0.18145889892285239,transform,224_101,1,reverse,1
C201110211540A,2011,44.15,11.91,10.0,4.8,4.8,0.0,6.0,24.0,146.0,0.14051508815781685,:OSR,SO,AR,208,0.9028056371849029,85.12431047676401,0.27084169115547085,0.45140281859245146,0.1805611274369806,transform,224_101,1,reverse,1
C201110222003A,2011,44.19,11.77,10.0,4.7,4.7,0.0,5.0,8.0,258.0,0.27647873335936435,:OSR,SO,AR,208,0.9098623368509449,85.26611480735254,0.27295870105528347,0.45493116842547243,0.181972467370189,transform,224_101,1,normal,2
C201110222130A,2011,44.11,11.87,10.0,4.8,4.8,0.0,17.0,26.0,241.0,0.1507597094717273,:OSR,SO,AR,208,0.9035865504331158,85.14122373756183,0.2710759651299347,0.4517932752165579,0.18071731008662317,transform,224_101,1,normal,2
C201112030214A,2011,36.71,4.6,10.0,4.9,4.9,0.0,3.0,305.0,210.0,0.5862419347846056,:CRB,SO,AF,213,0.2614125022067988,98.09938955432577,0.07842375066203963,0.1307062511033994,0.052282500441359764,transform,216_94,1,strike-slip,0
C201201222103A,2012,36.09,3.68,10.0,5.2,5.2,0.0,5.0,92.0,337.0,1.34361348835891,:CRB,SO,AF,213,0.25670255996517355,98.61461412658855,0.07701076798955206,0.12835127998258677,0.051340511993034715,transform,216_93,0,strike-slip,0
C201203130239A,2012,43.29,-10.92,10.0,5.0,5.0,0.0,23.0,233.0,127.0,8.58157209198874,:CRB,SO,AF,213,0.10971136392569925,114.86168748631023,0.032913409177709775,0.05485568196284962,0.02194227278513985,transform,223_79,0,reverse,1
C201207011619A,2012,41.79,13.35,10.0,4.8,4.8,0.0,34.0,236.0,342.0,1.169566881371048,:CRB,AR,AF,210,1.0891910576735295,80.819309278448,0.32675731730205887,0.5445955288367648,0.21783821153470592,transform,221_103,0,strike-slip,0
C201212241435A,2012,28.26,-3.91,10.0,4.8,4.8,0.0,9.0,277.0,144.0,0.6948702426352688,:CRB,SO,AF,213,0.22941646779779568,101.3757840926078,0.0688249403393387,0.11470823389889784,0.04588329355955914,transform,208_86,1,reverse,1
C201307021333A,2013,30.91,1.61,10.0,5.2,5.2,0.0,2.0,325.0,232.0,0.3338721108448559,:CRB,SO,AF,213,0.26105392634058155,97.91350323042008,0.07831617790217446,0.13052696317029078,0.052210785268116316,transform,210_91,1,normal,2
C201307031921A,2013,30.89,1.54,10.1,5.8,5.8,5.7,10.0,324.0,214.0,0.2847451253314092,:CRB,SO,AF,213,0.2606015000398285,97.9645485137595,0.07818045001194855,0.13030075001991426,0.052120300007965706,transform,210_91,1,normal,2
C201307032222A,2013,30.82,1.55,10.0,5.4,5.4,5.1,10.0,112.0,5.0,0.22584549231720313,:CRB,SO,AF,213,0.26096141868592504,97.92134471307938,0.0782884256057775,0.13048070934296252,0.05219228373718501,transform,210_91,1,strike-slip,0
C201307081530A,2013,40.83,16.71,10.5,5.6,5.3,5.6,0.0,62.0,332.0,0.5836518225791821,:CRB,AR,AF,210,0.9420433494726268,77.44149834329431,0.28261300484178803,0.4710216747363134,0.18840866989452537,transform,220_106,1,strike-slip,0
C201309180904A,2013,39.37,15.77,9.8,5.0,5.0,0.0,8.0,258.0,353.0,0.30070425670415685,:CRB,AR,AF,210,0.9445768267789445,77.5594122333604,0.28337304803368335,0.47228841338947225,0.1889153653557889,transform,219_105,1,strike-slip,0
C201311301920A,2013,26.85,-1.06,5.2,5.3,0.0,5.3,4.0,16.0,285.0,2.3711618354933077,:CRB,SO,AF,213,0.2576170836173235,98.20443275505099,0.07728512508519704,0.12880854180866175,0.0515234167234647,transform,206_88,0,normal,2
C201312010814A,2013,26.79,-0.95,10.0,4.9,0.0,4.9,6.0,23.0,287.0,2.4807750099716825,:CRB,SO,AF,213,0.2587139646135235,98.0791897640915,0.07761418938405704,0.12935698230676174,0.0517427929227047,transform,206_89,0,normal,2
C201312231844A,2013,39.24,19.18,10.0,5.3,0.0,5.3,8.0,45.0,275.0,0.16093750339805657,:CRB,AR,AF,210,0.812273553424216,74.54763317826794,0.2436820660272648,0.406136776712108,0.1624547106848432,transform,219_109,1,normal,2
C201407102153A,2014,40.14,17.75,15.6,4.5,0.0,4.5,3.0,48.0,291.0,0.25151789200770736,:CRB,AR,AF,210,0.887149717083016,76.21204201987773,0.2661449151249048,0.443574858541508,0.17742994341660323,transform,220_107,1,normal,2
C201410311650A,2014,35.88,-5.37,10.0,4.6,0.0,4.6,12.0,105.0,2.0,4.094269801026797,:CRB,SO,AF,213,0.18541138311592498,106.43246640593512,0.055623414934777494,0.09270569155796249,0.037082276623184994,transform,215_84,0,strike-slip,0
C201410311704A,2014,35.9,-5.42,10.0,5.1,0.0,5.1,10.0,102.0,5.0,4.064709239736588,:CRB,SO,AF,213,0.18491804859079686,106.4857865757798,0.055475414577239056,0.09245902429539843,0.03698360971815937,transform,215_84,0,strike-slip,0
C201411021825A,2014,29.74,-10.97,10.0,5.3,0.0,5.3,5.0,298.0,63.0,3.5672842711087664,:CRB,SO,AF,213,0.1659956937862832,108.1948691986741,0.04979870813588496,0.0829978468931416,0.03319913875725664,transform,209_79,0,reverse,1
C201411110320A,2014,29.43,-4.92,13.7,4.8,0.0,4.8,11.0,261.0,18.0,0.29220724238115636,:CRB,SO,AF,213,0.21630957174823262,102.83659684290339,0.06489287152446978,0.10815478587411631,0.043261914349646526,transform,209_85,1,strike-slip,0
C201412311947A,2014,33.86,-10.03,14.9,5.1,0.0,5.1,1.0,90.0,184.0,0.4341054369620351,:CRB,SO,AF,213,0.1552021848422651,109.46616015084062,0.04656065545267953,0.07760109242113256,0.031040436968453024,transform,213_79,1,strike-slip,0
C201504141104A,2015,44.06,11.79,10.0,4.6,0.0,4.6,5.0,220.0,114.0,0.21826243378098759,:OSR,SO,AR,208,0.9058700993553659,85.18880839366295,0.27176102980660977,0.45293504967768294,0.18117401987107318,transform,224_101,1,reverse,1
C201505300648A,2015,43.16,11.69,7.3,4.7,0.0,4.7,9.0,358.0,111.0,0.33555132245306374,:OSR,SO,AR,208,0.8885169831634672,84.86284845742014,0.2665550949490401,0.4442584915817336,0.17770339663269344,transform,223_101,1,reverse,1
C201506090222A,2015,38.93,16.92,13.9,4.6,0.0,4.6,2.0,74.0,264.0,1.328069068234026,:CRB,AR,AF,210,0.8909362465683017,76.35260530681818,0.2672808739704905,0.44546812328415086,0.17818724931366037,transform,218_106,0,normal,2
C201506250121A,2015,40.5,17.46,11.6,4.7,0.0,4.7,0.0,227.0,318.0,0.25693993461507736,:CRB,AR,AF,210,0.9063131302023812,76.63449692833312,0.27189393906071435,0.4531565651011906,0.18126262604047627,transform,220_107,1,normal,2
C201508070125A,2015,28.89,-2.15,11.0,5.8,0.0,5.8,7.0,300.0,52.0,0.15710076416109525,:CRB,SO,AF,213,0.2404694928052189,100.17158990300285,0.07214084784156567,0.12023474640260945,0.048093898561043784,transform,208_87,1,reverse,1
C201508070128A,2015,28.95,-2.09,10.0,5.5,0.0,5.5,3.0,127.0,23.0,0.23068994364731213,:CRB,SO,AF,213,0.24068056374607494,100.14974272743746,0.07220416912382248,0.12034028187303747,0.04813611274921499,transform,208_87,1,strike-slip,0
C201508192215A,2015,28.64,-9.69,14.9,5.1,0.0,5.1,7.0,54.0,184.0,2.88152977963095,:CRB,SO,AF,213,0.18150205463870694,106.5399220371369,0.05445061639161208,0.09075102731935347,0.03630041092774139,transform,208_80,0,strike-slip,0
C201509082343A,2015,39.82,-7.14,10.0,4.8,0.0,4.8,18.0,64.0,211.0,6.421306531384404,:CRB,SO,AF,213,0.15513114308530795,109.89250875289214,0.046539342925592385,0.07756557154265398,0.031026228617061592,transform,219_82,0,normal,2
C201509290531A,2015,43.31,11.57,5.9,4.6,0.0,4.6,11.0,354.0,93.0,0.5199083476921725,:OSR,SO,AR,208,0.8973962126797073,85.03771442689006,0.2692188638039122,0.44869810633985363,0.17947924253594147,transform,223_101,1,reverse,1
C201602041243A,2016,28.42,-1.57,10.0,5.1,0.0,5.1,2.0,4.0,236.0,0.7491510435819979,:CRB,SO,AF,213,0.24697955650065495,99.43422311786011,0.07409386695019649,0.12348977825032748,0.04939591130013099,transform,208_88,1,normal,2
C201603060005A,2016,40.34,17.9,10.0,4.5,0.0,4.5,6.0,224.0,327.0,0.35673694790419913,:CRB,AR,AF,210,0.8860686025738929,76.1774559801543,0.26582058077216786,0.44303430128694643,0.17721372051477857,transform,220_107,1,normal,2
C201603062102A,2016,40.28,17.53,13.7,4.8,0.0,4.8,3.0,223.0,333.0,0.26874175336184675,:CRB,AR,AF,210,0.8986545488272917,76.46913994819373,0.2695963646481875,0.44932727441364584,0.17973090976545836,transform,220_107,1,strike-slip,0
C201603072243A,2016,40.34,17.72,10.0,4.8,0.0,4.8,6.0,50.0,292.0,0.42124250735176755,:CRB,AR,AF,210,0.8928576049992163,76.3332362140817,0.2678572814997649,0.44642880249960815,0.17857152099984328,transform,220_107,1,normal,2
C201603221056A,2016,35.97,-4.4,10.0,4.8,0.0,4.8,2.0,79.0,186.0,4.966820472253853,:CRB,SO,AF,213,0.19302684277962356,105.63168145166365,0.057908052833887065,0.09651342138981178,0.03860536855592472,transform,215_85,0,strike-slip,0
C201604121516A,2016,41.44,-10.77,10.0,5.2,0.0,5.2,5.0,89.0,347.0,6.735819888476827,:CRB,SO,AF,213,0.11783492605848522,113.84100906013757,0.035350477817545564,0.05891746302924261,0.023566985211697047,transform,221_79,0,strike-slip,0
C201607130301A,2016,35.97,-5.51,10.0,5.1,0.0,5.1,7.0,99.0,201.0,4.03303389566713,:CRB,SO,AF,213,0.18389210692244085,106.59842898034792,0.055167632076732254,0.09194605346122042,0.03677842138448817,transform,215_84,0,strike-slip,0
C201609101227A,2016,31.62,-1.04,40.0,5.9,0.0,5.9,0.0,338.0,247.0,2.032835727653616,:CRB,SO,AF,213,0.23767599190266342,100.56847291741046,0.07130279757079902,0.11883799595133171,0.04753519838053269,transform,211_88,0,normal,2
C201609210108A,2016,43.3,-12.47,10.0,5.1,0.0,5.1,33.0,219.0,325.0,8.699592695063371,:CRB,SO,AF,213,0.09606805703980026,116.21762616801064,0.028820417111940076,0.04803402851990013,0.019213611407960053,transform,223_77,0,normal,2
C201609231611A,2016,29.06,-2.65,10.0,4.8,0.0,4.8,10.0,274.0,112.0,0.39452838947279795,:CRB,SO,AF,213,0.2358369382835006,100.68931575012579,0.07075108148505017,0.1179184691417503,0.04716738765670012,transform,209_87,1,reverse,1
C201701271629A,2017,38.67,7.67,10.0,5.3,0.0,5.3,0.0,97.0,188.0,0.2827636159409478,:CRB,SO,AF,213,0.2773431540028204,96.30343836754976,0.08320294620084612,0.1386715770014102,0.05546863080056408,transform,218_97,1,strike-slip,0
C201702240032A,2017,30.05,-8.44,30.0,5.9,0.0,5.9,11.0,339.0,96.0,1.0544073552949056,:CRB,SO,AF,213,0.18522124134117846,106.18174197876331,0.055566372402353535,0.09261062067058923,0.03704424826823569,transform,210_81,0,reverse,1
C201703292037A,2017,41.05,-10.95,10.0,5.0,0.0,5.0,5.0,227.0,112.0,6.341372372759699,:CRB,SO,AF,213,0.11775605396748023,113.80869214228812,0.03532681619024407,0.05887802698374012,0.02355121079349605,transform,221_79,0,reverse,1
C201704140553A,2017,43.38,11.79,2.3,4.7,0.0,4.7,5.0,4.0,106.0,0.3496076944233365,:OSR,SO,AR,208,0.8894717086730717,84.8761221574206,0.2668415126019215,0.44473585433653584,0.17789434173461435,transform,223_101,1,reverse,1
C201704141044A,2017,43.26,11.82,10.0,4.7,0.0,4.7,21.0,354.0,104.0,0.41944569374354174,:OSR,SO,AR,208,0.8852538069941307,84.794416457204,0.2655761420982392,0.44262690349706535,0.17705076139882614,transform,223_101,1,reverse,1
C201704291053A,2017,29.93,-6.13,10.0,5.3,0.0,5.3,14.0,286.0,142.0,0.33185953067525514,:CRB,SO,AF,213,0.20443438651767742,104.13216547936756,0.06133031595530322,0.10221719325883871,0.04088687730353549,transform,209_83,1,reverse,1
C201707300702A,2017,29.78,-0.22,10.0,5.3,0.0,5.3,11.0,314.0,70.0,0.29371738590175395,:CRB,SO,AF,213,0.25167066862747056,98.94393606062363,0.07550120058824117,0.12583533431373528,0.05033413372549411,transform,209_89,1,reverse,1
C201709151745A,2017,28.81,-2.72,12.2,5.0,0.0,5.0,9.0,138.0,270.0,0.41848685773868727,:CRB,SO,AF,213,0.23636319493789326,100.6244428502522,0.07090895848136798,0.11818159746894663,0.047272638987578657,transform,208_87,1,normal,2
C201710220605A,2017,30.74,-6.09,10.0,5.1,0.0,5.1,19.0,266.0,158.0,0.9868989912346641,:CRB,SO,AF,213,0.2012035697000254,104.50479587015278,0.060361070910007614,0.1006017848500127,0.040240713940005085,transform,210_83,1,strike-slip,0
C201711302148A,2017,28.71,-2.62,10.0,5.0,0.0,5.0,7.0,336.0,86.0,0.3518142266878922,:CRB,SO,AF,213,0.23757487502916952,100.48779306078458,0.07127246250875086,0.11878743751458476,0.047514975005833904,transform,208_87,1,reverse,1
C201712021720A,2017,28.66,-2.69,12.3,4.8,0.0,4.8,1.0,156.0,248.0,0.4370032609718143,:CRB,SO,AF,213,0.2372432127669475,100.52320839339733,0.07117296383008424,0.11862160638347374,0.0474486425533895,transform,208_87,1,normal,2
C201802051637A,2018,26.7,-8.45,10.0,4.9,0.0,4.9,11.0,109.0,262.0,3.7330020557320878,:CRB,SO,AF,213,0.20043360628604212,104.48996318665249,0.06013008188581263,0.10021680314302106,0.04008672125720843,transform,206_81,0,normal,2
C201803241027A,2018,40.01,13.4,10.0,5.2,0.0,5.2,10.0,98.0,330.0,0.20717577078413485,:CRB,AR,AF,210,1.0483707869438028,79.924213625351,0.31451123608314085,0.5241853934719014,0.20967415738876058,transform,220_103,1,strike-slip,0
C201806052255A,2018,40.97,-11.94,10.0,5.1,0.0,5.1,4.0,58.0,154.0,6.327061527281049,:CRB,SO,AF,213,0.10946863375234805,114.62950508246044,0.032840590125704415,0.05473431687617403,0.021893726750469612,transform,220_78,0,strike-slip,0
C201808131354A,2018,39.81,16.0,10.0,4.7,0.0,4.7,14.0,280.0,137.0,0.2675276621211382,:CRB,AR,AF,210,0.9457922632691664,77.5704937415118,0.2837376789807499,0.4728961316345832,0.1891584526538333,transform,219_106,1,reverse,1
C201901051813A,2019,31.4,3.09,10.0,4.8,0.0,4.8,12.0,291.0,53.0,0.5643852712465127,:CRB,SO,AF,213,0.2702923751219872,96.86542852384363,0.08108771253659616,0.1351461875609936,0.05405847502439745,transform,211_93,1,reverse,1
C201903061954A,2019,40.23,17.92,10.0,5.0,0.0,5.0,15.0,79.0,326.0,0.24506988799115834,:CRB,AR,AF,210,0.8827938969773026,76.10779630858471,0.26483816909319075,0.4413969484886513,0.17655877939546052,transform,220_107,1,normal,2
C201903062124A,2019,40.19,17.9,10.0,4.7,0.0,4.7,10.0,63.0,188.0,0.20921579768267903,:CRB,AR,AF,210,0.8826320105848193,76.10605843665292,0.2647896031754458,0.44131600529240966,0.17652640211696388,transform,220_107,1,strike-slip,0
C201903081720A,2019,40.17,18.11,10.0,4.6,0.0,4.6,33.0,291.0,127.0,0.24370320063552833,:CRB,AR,AF,210,0.8742464315819776,75.91487086170434,0.26227392947459327,0.4371232157909888,0.1748492863163955,transform,220_108,1,reverse,1
C201903210915A,2019,32.11,-7.91,22.0,5.5,0.0,5.5,9.0,260.0,357.0,0.2522863452507886,:CRB,SO,AF,213,0.18040054170970876,106.76243947700925,0.05412016251291263,0.09020027085485438,0.03608010834194175,transform,212_82,1,strike-slip,0
C201903241621A,2019,38.16,-3.07,10.0,4.7,0.0,4.7,4.0,38.0,129.0,7.304439006768415,:CRB,SO,AF,213,0.19539925632481747,105.53092089789294,0.05861977689744524,0.09769962816240874,0.039079851264963494,transform,218_86,0,reverse,1
C201906301426A,2019,40.67,13.41,10.0,4.5,0.0,4.5,19.0,234.0,132.0,0.3363939505995913,:CRB,AR,AF,210,1.0624855251973209,80.23173249144315,0.31874565755919626,0.5312427625986604,0.21249710503946417,transform,220_103,1,reverse,1
C201908200654A,2019,36.87,-4.22,10.0,4.8,0.0,4.8,8.0,255.0,105.0,5.605358793476112,:CRB,SO,AF,213,0.19093567937649425,105.91329925176598,0.05728070381294827,0.09546783968824712,0.03818713587529885,transform,216_85,0,reverse,1
C201909051850A,2019,26.96,-1.94,10.0,5.0,0.0,5.0,4.0,185.0,94.0,1.9423997657794325,:CRB,SO,AF,213,0.2503960270637231,99.01988777820121,0.07511880811911693,0.12519801353186155,0.050079205412744625,transform,206_88,0,reverse,1
C201909090038A,2019,30.74,-6.47,25.0,5.4,0.0,5.4,2.0,71.0,162.0,0.7651669222463797,:CRB,SO,AF,213,0.19813335387356545,104.83274001769433,0.05944000616206963,0.09906667693678273,0.039626670774713095,transform,210_83,1,strike-slip,0
C201909111906A,2019,40.14,16.58,10.0,5.0,0.0,5.0,70.0,157.0,342.0,0.2333054864335597,:CRB,AR,AF,210,0.9313323183064295,77.22530926195401,0.27939969549192883,0.46566615915321474,0.1862664636612859,transform,220_106,1,strike-slip,0
C201910302055A,2019,28.47,-2.78,10.0,5.1,0.0,5.1,8.0,310.0,193.0,0.5649038662462852,:CRB,SO,AF,213,0.23735920002386024,100.50555985126073,0.07120776000715807,0.11867960001193012,0.04747184000477205,transform,208_87,1,strike-slip,0
C202003210642A,2020,44.88,-12.33,10.0,5.0,0.0,5.0,6.0,224.0,317.0,10.253973550287716,:CRB,SO,AF,213,0.09169279761750015,116.85156213432603,0.027507839285250045,0.04584639880875008,0.018338559523500032,transform,224_77,0,normal,2
C202004012218A,2020,41.03,-13.16,10.0,4.7,0.0,4.7,9.0,252.0,158.0,6.331753711255676,:CRB,SO,AF,213,0.09861061205101684,115.71548237198458,0.029583183615305052,0.04930530602550842,0.01972212241020337,transform,221_76,0,strike-slip,0
C202004242107A,2020,32.33,-3.39,10.0,4.4,0.0,4.4,6.0,1.0,91.0,3.2417458371223358,:CRB,SO,AF,213,0.2161182961178758,102.96111135859407,0.06483548883536273,0.1080591480589379,0.04322365922357516,transform,212_86,0,reverse,1
C202005031936A,2020,36.06,2.85,10.0,5.0,0.0,5.0,1.0,81.0,173.0,2.170876460349598,:CRB,SO,AF,213,0.2504510258942263,99.32952972395893,0.07513530776826789,0.12522551294711315,0.050090205178845264,transform,216_92,0,strike-slip,0
C202008121713A,2020,39.81,-7.33,17.5,6.0,0.0,6.0,4.0,121.0,227.0,6.299995838887517,:CRB,SO,AF,213,0.15355729426682085,110.0536758588305,0.04606718828004625,0.07677864713341043,0.03071145885336417,transform,219_82,0,normal,2
C202008131454A,2020,39.81,-7.36,10.0,5.1,0.0,5.1,0.0,113.0,203.0,6.2824361174627175,:CRB,SO,AF,213,0.1533026463698901,110.07988005507596,0.04599079391096703,0.07665132318494505,0.030660529273978023,transform,219_82,0,strike-slip,0
C202008240703A,2020,34.6,-11.18,10.0,5.0,0.0,5.0,3.0,59.0,316.0,0.18758883229019643,:CRB,SO,AF,213,0.14233709158531305,110.82624472597374,0.04270112747559391,0.07116854579265652,0.02846741831706261,transform,214_78,1,normal,2
C202008241413A,2020,29.26,-3.75,10.0,5.0,0.0,5.0,6.0,279.0,170.0,0.3733328998360594,:CRB,SO,AF,213,0.2263268022597451,101.74065617828282,0.06789804067792353,0.11316340112987255,0.045265360451949024,transform,209_86,1,strike-slip,0
C202011272241A,2020,40.06,18.05,10.0,4.6,0.0,4.6,13.0,52.0,260.0,0.12447188437555078,:CRB,AR,AF,210,0.8739859993958916,75.91440033598667,0.26219579981876745,0.4369929996979458,0.17479719987917833,transform,220_108,1,normal,2
